{
    "image_specification": {
        "resolution": [
            1920,
            1080
        ],
        "center": [
            -1.1829228435558685,
            0.23731598555572875
        ],
        "width": 0.05
    },
    "escape_radius_squared": 5,
    "max_iter_count": 1024,
    "refinement_count": 5,
    "histogram_bin_count": 1024
}
