{
    "image_resolution": [
        3000,
        2000
    ],
    "center": [
        -0.7132532180840316,
        -0.3017916627758779
    ],
    "view_scale_real": 0.04,
    "escape_radius_squared": 10,
    "max_iter_count": 1024,
    "refinement_count": 6
}