{
    "image_resolution": [
        1920,
        1080
    ],
    "center": [
        -1.1829228435558685,
        0.23731598555572875
    ],
    "extent_real": 0.05,
    "escape_radius_squared": 5,
    "max_iter_count": 720,
    "refinement_count": 5
}