{
    "image_resolution": [
        1920,
        1080
    ],
    "center": [
        -0.5485796032904589,
        0.6095785745072848
    ],
    "extent_real": 0.05,
    "escape_radius_squared": 5,
    "max_iter_count": 720,
    "refinement_count": 5
}