{
    "image_resolution": [
        1920,
        1080
    ],
    "center": [
        -0.6657881227124438,
        0.45364628022222275
    ],
    "domain_real": 0.05,
    "escape_radius_squared": 5,
    "max_iter_count": 720,
    "refinement_count": 5
}