{
    "image_resolution": [
        600,
        400
    ],
    "center": [
        -0.6657881227124438,
        0.45364628022222275
    ],
    "view_scale_real": 0.05,
    "escape_radius_squared": 5,
    "max_iter_count": 720,
    "refinement_count": 5,
    "histogram_bin_count": 1024
}